,id,text,svm_1,gemini-flash_faiss_country
0,18,"Sensuous by Alyne by Rita Vineris wedding dress lace sleeves flutter fine art wedding photography california station waterfall cascade white bouquet Floral Wedding, Wedding Flowers, Wedding Bun, Tent Wedding, Wedding Attire, Wedding Dresses, Wedding Venues, Bridesmaid Dresses, Bride Photography",1.0,united states
1,22,"A first look is possible, even in Alaska destination elopement weddings. Jordyn reaches out toward Connor, who is looking away and waiting her go-ahead to see her in her wedding dress. The two stand among a field of flowers with dramatic Alaskan mountain peaks and lush foliage in the background.",1.0,united states
2,64,cheap wedding dresses st louis mo tbrbinfo wedding dress With wedding dress shops st louis,1.0,united states
3,70,"Real bride in Ines Di Santo wedding dress from Solutions Bridal in Orlando, Florida",1.0,united states
4,94,"Wedding Photography, Epic Shutter Photography, Smile and Wave. One Epic Shutter at a Time,Avon, Hatteras Island Weddings, North Carolina, Life Size Sand Castles, Life Size Love, Sand Castles, Married On A Sandbar, Hatteras Island Wedding Photographers, Hatteras Wedding Photographers, OBX Weddings, Outer Banks Wedding Photographers, Outer Banks, OBX, Outer Banks Weddings, OBWA, Outer Banks Wedding Photography, Outer Banks Chamber Of Commerce, Bride and Groom, Wedding Dress, Wedding Rings, Flower Girl, Beach Wedding, Cape Hatteras Photographers",1.0,united states
5,171,"Epic Shutter Photography, Outer Banks Photographers, Coquina Beach, Nags Head, North Carolina,Hatteras Island Photographers, OBX Weddings, Outer Banks Wedding Photographers, Weddings, Wedding Ring, Wedding Dress, Bride, Groom, Vow Renewal, Beach Wedding, OBWA",1.0,united states
6,293,Wedding Dress Shop Lucille U0027s Bridal Shop For Wedding Dresses Orange Ct 203 795 0546,1.0,united states
7,395,Get Quotations La Fashion District Wedding Dress Downtown Dresses,1.0,united states
8,502,All Disney Wedding Gallery Disney S Fairy Tale Weddings Fairy Tale Wedding Dress Disney World Wedding Disney Fairy Tale Weddings,1.0,united states
9,524,Tulle Halter Ball Gown Wedding Dress  MB6026 - Chicago Bridal Store Company,1.0,united states
10,536,"Bride and Bridesmaids Wedding Portrait, Bridesmaids in Long Burgundy Mismatched Style Dresses, Bride in High Neck Illusion and Lace Wedding Dress with, Red, Blush Pink, Greenery Organic Floral Bouquets | Tampa Bay Hair and Makeup Artist Michele Renee the Studio",1.0,united states
11,567,A bride's a-line wedding dress hangs above a bed at Lansdowne Resort.,1.0,united states
12,577,"Florida Bride Outdoor Wedding Portrait, Bride in White Satin and Lace Sweetheart Neckline, Cap Sleeve Ballgown Wedding Dress with Bright Pink, Yellow, Ivory and Greenery Floral Bouquet | Tampa Bay Photographer Marc Edwards Photographs",1.0,united states
13,604,"des moines wedding dresses. ti adora style 7606 $1000-1500 shaffer\u0027s in des moines | wedding dress inspiration pinterest couture style, bridal gowns and dresses",1.0,united states
14,702,Fit and Flare Wedding Dress: Flawless Gold & White Wedding at Fox Chapel Golf Club from Michael Will Photography featured on Burgh Brides,1.0,united states
15,730,"Joshua Tree Airbnb Elopement. Browse the blog for elopement inspiration indoor and outdoor for this styled shoot including, wedding dress inspiration, bridal fashion, groom fashion, wedding details and best place to elope | Photography by Michelle Larmand",1.0,united states
16,840,wedding dresses for rent 14 wedding dress rental las vegas wedding idea,1.0,united states
17,853,"Wedding Photography, Epic Shutter Photography, Smile and Wave. One Epic Shutter at a Time,Avon, Hatteras Island Weddings, North Carolina, Life Size Sand Castles, Life Size Love, Sand Castles, Married On A Sandbar, Hatteras Island Wedding Photographers, Hatteras Wedding Photographers, OBX Weddings, Outer Banks Wedding Photographers, Outer Banks, OBX, Outer Banks Weddings, OBWA, Outer Banks Wedding Photography, Outer Banks Chamber Of Commerce, Bride and Groom, Wedding Dress, Wedding Rings, Flower Girl, Beach Wedding, Cape Hatteras Photographers",1.0,united states
18,961,Pink flowers and Bride wearing Charlotte Wedding Dress by Maggie Sottero,1.0,united states
19,982,"Fields at Blackberry Cove Wedding, Asheville Wedding, Hendersonville Wedding, Mountain Wedding, Rustic Lace Wedding Dress photographed by Jenny Tenney",1.0,united states
20,1034,Yolancris  News  Winter Wedding Dresses 2016. Summer Wedding Dresses For Bride. Disney Wedding Dress Up Games. Wedding Guest Dresses Midi Length. Cheap Wedding Dresses Pink And White. Guipure Lace Wedding Dress Oscar De La Renta. Pictures Of Chiffon Wedding Dresses. Backless Wedding Dresses Nashville Tn. Long Sleeve Lace Wedding Dresses 2014,1.0,united states
21,1057,"Wedding Dress for Sale in St. Charles, IL",1.0,united states
22,1120,wedding dress wholesale wholesale wedding dresses for sale 2017 new design brazil style,1.0,united states
23,1135,tent rental st louis wedding decoration rental st louis mo images wedding dress,1.0,united states
24,1178,Fit and Flare modest wedding dress that has a leafy lace and sequins from salt lake city utah bridal shop,1.0,united states
25,20,"Cheap vestido de noiva, Buy Quality de noiva directly from China gowns bridal Suppliers: Sexy White Wedding Dresses 2016 Casamento Robe De Sleeveless V-neck Chiffon Beaded Vintage Gown Bridal Dresses vestido de noiva V Neck Wedding Dress, Wedding Dresses 2014, Wedding Dress Styles, Bridal Dresses, Bridesmaid Dresses, Prom Dresses, Dresses 2016, Greek Style Wedding Dress, Sofia Tolli Wedding Dress",1.0,china
26,54,China Supplier Wedding Dress Ball Gown Backless Lace Wedding Dresses Bride  Sexy Boob Tube Top Wedding Dress Wedding Dresses Short Weddings Dresses  From ...,1.0,china
27,141,VARBOO_ELSA Real Sample V Neck Applique Lace Wedding Dress 2017White Sexy See through Back Wedding Dress Mermaid Robe De Mariage(China),1.0,china
28,183,Ancient Chinese Costume Chinese Style Wedding Dress Tang Dynasty hanfu princess Clothing,1.0,china
29,239,freeshipping 2012 bride wedding elegant sweet princess wedding dress tube top type 2267(China (Mainland)),1.0,china
30,268,Wholesale - Custom-Made 2011 Hot Sell Beach Splendid Strapless Wedding Dress AXW311(China (Mainland)),1.0,china
31,313,Chinese Classical Wedding Dress 2 Sets for Bride and Bridegroom,1.0,china
32,410,Aesthetic romantic dream quality wedding formal dress the bride wedding dress formal dress luxury d112w(China (Mainland)),1.0,china
33,499,Chinese Zhuang Ethnic Minority Wedding Dress and Hat Complete Set for Brides,1.0,china
34,527,Old Shanghai Style Red Wedding Dress Set,1.0,china
35,576,Fashion Children Champagne Wedding Dress With Train Tulle Flower Girl Dresses Up Strapless Formal Prom Party Girls Dress W016(China),1.0,china
36,650,Swarovski Crystal Luxury Modest Wedding Dress 2016 Most Popular Sparkly Bridal Gowns Vintage Custom Made(China (Mainland)),1.0,china
37,652,"Custom made two button grey grey groom dress, best man, groom, wedding dress, gap lapel, men's suit / suit(China)",1.0,china
38,654,Sexy Lace Backless Bride Ball Gown Red Wedding Dress Women Plus Size Bandage Cheap Wedding Dresses Made In China WED90129,1.0,china
39,674,Traditional Chinese Ancient Costume China Wedding Dress Ancient Ming Dynasty Hanfu Princess Clothing,1.0,china
40,701,Custom-made Cheongsam / Qipao / Chinese Wedding Dress,1.0,china
41,766,2013 top sale new designs alibaba wedding dress china,1.0,china
42,924,Clear Wedding Dress Cover Storage Bags Dustproof Large Bridal Gown Garment 160/170/180CM(China),1.0,china
43,974,"Wedding Dress - Suzhou Leader Apparel Co., Ltd.",1.0,china
44,1124,100% SILK Georgette Fabric Pure Silk Fabric 10 momme 114cm Width Wedding Dress Silk Gauz Fabric Free Shipping China Red Color 01,1.0,china
45,1144,Ancient Chinese Costume Chinese Style Wedding Dress Tang Dynasty Clothing,1.0,china
46,1168,China Wholesale Dresses - Fashion Ball Gown Strapless Beading Taffeta Wedding Dress With Sash,1.0,china
47,1170,"2015 New Arrival Girl Wedding Dress Children Party Evening Dresses 3 Colors Kids Cocktail Party Formal Ball Gown Dresses, HC362(China (Mainland))",1.0,china
48,1201,"Cheap dress ball gown, Buy Quality gown evening dress directly from China dress bridal gown Suppliers: Vestidos Direct Selling Sale Natural De Noiva 2016 Custom Made White/ivory Appliques Beading Lace Wedding Dress Bridal Gowns Mon Cheri Wedding Dresses, Popular Wedding Dresses, V Neck Wedding Dress, 2016 Wedding Dresses, Formal Dresses For Weddings, Bridal Dresses, Wedding Gowns, Ivory Wedding, Trendy Wedding",1.0,china
49,1245,New arrival 15 items = 5 Wedding Dress Princess Gown +5Pairs Shoes + 5 accessory Clothes For Barbie Doll good gift for baby(China),1.0,china
50,40,Tinkerbell-wedding-dress-temperly-london-romantic-ethereal-sheath-style.full,1.0,united kingdom
51,131,"Monique Lhuillier wedding dress, Sudeley Castle wedding, Jay Rowden Wedding Photography",1.0,united kingdom
52,157,"Princess Eugenie Photos - Princess Eugenie arrives for her wedding to Jack Brooksbank at St George's Chapel in Windsor Castle on October 2018 in Windsor, England. - Princess Eugenie Of York Marries Mr. Royal Wedding Gowns, Wedding Tiaras, Royal Weddings, Princess Wedding, Diana Wedding Dress, Kate Middleton Wedding Dress, Meghan Markle Wedding Dress, Princess Eugenie Jack Brooksbank, Princess Beatrice",1.0,united kingdom
53,164,wedding dress shops london tips in buying from new year wedding dress sales,1.0,united kingdom
54,196,Sarah soft cowl neck and empire line bias cut satin wedding dress by Halfpenny London,1.0,united kingdom
55,217,where can i sell my wedding dress locally second wedding dresses the uk s 1 marketplace to buy or,1.0,united kingdom
56,264,"Sparkle Shoes with Classic Wedding Dress, Micro Surrey Wedding",1.0,united kingdom
57,273,Princess Beatrice got married to Edoardo Mapelli Mazzi in a surprise ceremony at Windsor Castle. Queen wedding dress,1.0,united kingdom
58,282,Crimble hall wedding dress,1.0,united kingdom
59,294,Emma Case East London vintage wedding with long sleeve velvet wedding dress,1.0,united kingdom
60,300,"Catherine Middleton arrives at Westminster Abbey to marry Prince William on April 2011 in London, England. Pippa Middleton Wedding, Princess Kate Middleton, Kate Middleton Style, Prince William Family, Prince William And Catherine, Royal Brides, Royal Weddings, Kate Wedding Dress, Royal Wedding 2011",1.0,united kingdom
61,356,Welshot Model posing in a Wedding Dress on a Trash The Dress Photo-Shoot in North Wales where Welshot Imaging Photographic Academy delegates were learning about photographic lighting and shooting techniques.,1.0,united kingdom
62,377,"The fantastic embroidered backless Tamy gown is a spectacle of handmade details. Find this gorgeous wedding dress in our stores in London, United Kingdom and Santiago de Chile. Bridal Stores, Gorgeous Wedding Dress, Bridal Wedding Dresses, I Dress, Marie, Backless, Gowns, Formal Dresses, London United",1.0,united kingdom
63,412,Back view of the charlotte silk crepe corset wedding dress with full circle skirt by Halfpenny London,1.0,united kingdom
64,451,"Claire, owner of Love in Lace wedding dress shop in Kent, assisting a bride-to-be at her wedding dress fitting.",1.0,united kingdom
65,516,Royal Wedding: Meghan Markle's wedding dress revealed,1.0,united kingdom
66,699,"Elizabeth Filmore wedding dress, Shoreditch wedding, East London wedding, Emma Case alternative wedding photography",1.0,united kingdom
67,713,"Bride in white wedding dress and groom in formal morning suit covered in confetti and holding glasses of champage, laughing after their wedding ceremony in luxury hotel by Tanya Jones Perfect Promises Sussex Celebrant and UK Celebrant",1.0,united kingdom
68,735,Enzoani Ivanka Back view - 2014 collection wedding dress available at the Harrogate Wedding Lounge,1.0,united kingdom
69,867,Sample Sale Oyster Silk Satin Art Deco Wedding Dress With Hand Beaded Detailing Size Uk10 Art Deco Wedding Dress Deco Wedding Dress Trendy Wedding Dresses,1.0,united kingdom
70,939,alexia-chiffon-wedding-dress-at-discount-ireland,1.0,united kingdom
71,992,Wedding Dresses With Sleeves Uk Discount Lace Long Sleeve Wedding Dress Uk 2017 Lace Long Sleeve,1.0,united kingdom
72,1053,An elegant Cotswolds wedding at Eastington Park with a bride in a Caroline Castigliano wedding dress and black tie,1.0,united kingdom
73,1195,"Whispering words of encouragement to her five-year-old bridesmaid, Diana, Princess of Wales, looks resplendent in her wedding dress as she carries the young girl through the grand rooms of Buckingham Palace.",1.0,united kingdom
74,1237,"https://www.cityblis.com/5715/item/6692 | Soft Shiny Vintage Ivory Cowl Wedding Dress - $416 by Elliot Claire London | SKU# 80522 (Shiny)  Vintage wedding dress in light ivory tone featuring A Line silhouette with chiffon overlay floor length skirt, belted waistline, gorgeous chiffon cowl neck, and single full embellished sleeve.  Other sizes available for made to measure. Send us a message to inquire about other... | #Dresses",1.0,united kingdom
75,60,"Browse gorgeous wedding dresses for sale at O'Briens Bridal Couture in Rathnew, Wicklow. Book an appointment here to find your dream wedding dress. Wedding Dresses Sydney, Lace Wedding Dress, Luxury Wedding Dress, Wedding Flowers, Morgan Davies Bridal, Scarlett, Every Girl, Marie, Bridal Shower",1.0,ireland
76,3861,wedding dress ireland bridal gowns cheap wedding dresses ireland online missydress,1.0,ireland
77,4533,wedding dress ireland amanda wyatt stockist kildare dublin wedding dresses ireland,1.0,ireland
78,5059,tulle in front of bride's face at Ross Errilly Friary wearing mikado ballgown wedding dress with straps and a plunge neckline with beaded banding around the waist,1.0,ireland
79,5164,st. mary and michael church rathdrum bride fixes her wedding dress,1.0,ireland
80,7134,The mesmerising maggie sottero fall 2015 collection for Maggie sottero ireland wedding dress,1.0,ireland
81,9857,"Glamorous High Split Chiffon Couture Wedding Dress with Beaded Halter - $234.59 : Cheap Evening Dresses,Cheap Wedding Dresses Waterford,Cheap Bridal Gowns Waterford,Cheap Wedding Shop Waterford,Cheap Formal Dresses Online Shopping Waterford, Wholesale Cheap Wedding Dresses Waterford,Cheap Wedding Dresses Waterford,Discount Wedding Dresses Waterford,Cheap Wedding Dresses Online Waterford",1.0,ireland
82,10854,"Ireland elopement photographer, Conor Pass adventure elopement, Ireland destination wedding photographer, adventure wedding photographer, hiking elopement, bride wearing Reclamation wedding dress",1.0,ireland
83,11714,"Beautiful Long Wedding Dresses with Green Lace Perfect Irish Design idea  I wouldn't use it for a wedding dress, but it's very pretty...",1.0,ireland
84,15355,wedding dress captions amarra bridal kildare ireland stockists of wedding,1.0,ireland
85,19344,Lace Wedding Dress And Veil : Antique irish carrickmacross lace wedding veil shawl,1.0,ireland
86,20298,Bride slings a jean jacket over her shoulder while wearing a lace boho wedding dress in the streets of Galway Ireland,1.0,ireland
87,20572,wedding dress ireland 2011 wedding dresses from kathy ireland by 2be wedding,1.0,ireland
88,22521,Classic Fit and Flare Wedding Dress from Finesse Bridal Wear in Ireland #FitandFlare #Elegant,1.0,ireland
89,24095,3333 best images about weddings gowns on pinterest for Maggie sottero ireland wedding dress,1.0,ireland
90,24306,"Bride with blonde, vintage hairstyle wearing an empire style wedding dress and draped in a green wool shawl holding hands with her groom wearing a navy suit and tie holding purple wedding bouquet while walking in a field overlooking Minard beach",1.0,ireland
91,26135,"Ireland Wedding at the Bantry House Ireland Wedding at the Bantry House vintage wedding idea – wedding dress; photo: Paper Antler Likes : , Lover : The post Ireland Wedding at the Bantry House appeared first on Best Of Daily Sharing. Trendy Dresses, Elegant Dresses, Vintage Dresses, Beautiful Dresses, Vintage Bride Dress, Beautiful Clothes, Vintage Style Bridesmaid Dresses, Fall Dresses, Rustic Wedding Dresses",1.0,ireland
92,26713,"Bride in satin, mermaid style wedding dress, holding a white bouquet while walking with her groom in a grey tailcoat and white tie at the Muckross Park Hotel in Kerry",1.0,ireland
93,27463,Bride wearing a lace boho wedding dress with straps stands in front of the abandoned Menlo Castle in Ireland,1.0,ireland
94,28171,Eliza Jane Howell Wedding Dresses Roaring 1920s Style Onefabday Com Ireland Flapper Wedding Dresses 1920s Wedding Dress Deco Wedding Dress,1.0,ireland
95,29852,bride and groom looking up at each other with a waterfall behind them wearing a navy tux and an of shoulder plain elegant wedding dress in ireland,1.0,ireland
96,30010,Debut Ivory Embellished Bridal Dress At Debenhams Ie Embellished Wedding Dress Wedding Dresses Under 500 Dresses,1.0,ireland
97,30067,SALE EXQUISITE Cream Antique Victorian Sheer Irish Lace Wedding Dress with Pink Satin Slip Size Small WAS: $559  NOW: $470 via #EmmelineChic on etsy,1.0,ireland
98,31998,bride in abandoned friary wearing a mikado ballgown wedding dress with straps and beaded banding at the waist with tulle wings at Ross Errilly Friary in Ireland,1.0,ireland
99,34442,bride and groom standing beside each other on the grounds of powerscourt hotel holding hands wearing off shoulder plain wedding dress and black tie tux,1.0,ireland
100,130,Aire Barcelona AMAN Wedding Dress photo,1.0,spain
101,1701,Pleats please - pleated off-white or ivory strapless wedding dress and grecian goddess winged drop waist gown from Raimon Bundo,1.0,spain
102,1968,backless-flamenco-rosalynn-win-wedding-dress,1.0,spain
103,2858,Pronovias Barcelona Ivory Wedding Dress (Size 14) - $369.00,1.0,spain
104,3338,EDDIE Wedding                                          dress by Aire Barcelona Bridal,1.0,spain
105,3577,AIJINGYU Spanish Wedding Dress Gowns engagement Turkish Sexy Plus Size 26 Short Bridal Gown Design Dresses To Wear To A Wedding,1.0,spain
106,4075,White Wedding Dress Spain,1.0,spain
107,4190,Deia Wedding                                          dress by Rara Avis,1.0,spain
108,4250,Spanish Inspired Wedding Dress So Gorgeous Forever I Dos,1.0,spain
109,4489,Wedding Dress by Aire Barcelona 2017 Bridal Collection,1.0,spain
110,4906,ricca sposa 2020 barcelona bridal sleeveless thick straps plunging v neckline heavily embellished bodice side cutout a line ball gown wedding dress v back chapel train (21) bv,1.0,spain
111,5119,">>>Cheap Sale OFF! >>>Visit>> berta fall 2019 muse bridal cap sleeves deep plunging v neck full embellishment romantic a line wedding dress sheer button back sweep train zv -- MUSE by Berta 2019 Barcelona Wedding Dresses Sheer Wedding Dress, Wedding Dress Trends, Dream Wedding Dresses, Bridal Dresses, Wedding Gowns, Wedding Bride, Wedding Outfits, Elegant Wedding, Dresses Dresses",1.0,spain
112,5173,Crystal design haute sevilla couture wedding dresses for Crystal embroidered wedding dress,1.0,spain
113,6706,Wedding Dress by Riki Dalal: Valencia Bridal Collection,1.0,spain
114,6776,2013-wedding-dress-franc-sarabia-bridal-gowns-spanish-designers-21.medium_large,1.0,spain
115,6803,EBBONY Wedding                                          dress by Aire Barcelona Bridal,1.0,spain
116,7109,Campoamor Wedding Dress - www.otaduy.co,1.0,spain
117,7877,An Aire Barcelona 2020 off the shoulder crepe mermaid fit and flare wedding dress with half sleeves,1.0,spain
118,7918,Jesús del Pozo Wedding Dress 2011 Collection | Wedding Inspirasi,1.0,spain
119,8470,"Sheath-style wedding dress in beaded lace. Strapless neckline, back with bow at rear and beaded belt. Available in ivory and natural/champagne. 2019 AIRE BARCELONA Collection.",1.0,spain
120,9496,2013-wedding-dress-aire-barcelona-bridal-gowns-rissel.full,1.0,spain
121,9549,Naeem Khan Wedding Dress Spain,1.0,spain
122,9579,Minimalist Wedding Dress By Bon Bride // Brixton East Wedding // Chris Adnitt Events // Millar Cole Photography // Basque Country Style Catering For Wedding,1.0,spain
123,9718,aire barcelona 2014 original wedding dress strapless ball gown,1.0,spain
124,10043,Wooden Signage For Wedding // Bride In Straw Hat With Leanne Marshall Wedding Dress Destination Wedding In Mallorca With Images From F2 Studios And Film By Alberto & Yago,1.0,spain
125,139,6-Best-Venues-in-Toronto-Airship-37-Berkley-Events-Urban-Boho-Trendy-Cool-Hipster-Event-Space-Toronto-Wedding-Photographers-3B-Photography-bride-getting-ready-vintage-lace-wedding-dress-details-candid-moments-first-look-with-dad-cute.jpg,1.0,canada
126,180,$enCountryForm.capitalKeyWord Canada - Michael Cinco Luxury Ball Gown Red Wedding Dresses Lace Top quality Beaded Sweetheart Sweep Train Gothic Wedding Dress Civil vestido de 201,1.0,canada
127,2272,wedding dress rental toronto wedding dress rental toronto the knot,1.0,canada
128,2720,"Load image into Gallery viewer, Vancouver wedding dress, back full view, with full skirt and bold lace pattern.",1.0,canada
129,3378,"I have another photo I'm obsessing over from a wedding at the Arboretum in Guelph, ON! This photo is of the gorgeous bride getting ready in her lace overlay wedding dress! #arboretumwedding# #weddingphotographyontario#arboretumweddingvenue #uofgcampus#laceoverlayweddingdress #bridegettingready #junebugweddings #wellwed #photobugcommunity #radlovestories #portraitcollective #guelphwedding #loveandwildhearts #meaningfulwedding #guelphweddingphotographer",1.0,canada
130,3758,"""Wedding Dress: Made 1915, Modified 1945. """"Jeanette Gunn modified her mother's 1915 wedding gown for her own wedding to Doug Motter in 1945. A professional seamstress removed the original high neckline and its net and lace inserts, replacing it with a sweetheart neckline, popular in the 1940s. The original silk satin dress was made in London Ontario by Smallman and Ingram Limited for Anna Martin's Calgary wedding to Dr. John Gunn..."""": Wedding Dressses, Wedding Dresses, Wedding Gowns, Bride""",1.0,canada
131,4826,Top 10 Canadian Wedding Dress Designers We Love!   Praise,1.0,canada
132,5291,4'11 Bride Wants a Wedding Dress That Will Make Her Feel Tall! | Say Yes To The Dress Canada,1.0,canada
133,5958,Wedding - 2017 Refined Empire Waist Wedding Gown Features A-line Chiffon Long Style In Canada Wedding Dress Prices - dressosity.com,1.0,canada
134,6193,Cute Lace Up Wedding Dresses Canada - New Sweet Dreaming white Cute Lace Flowers Lace Wedding Shoes Pearl Bride Wedding Dress Shoes High Heel Wedding Party Shoes,1.0,canada
135,6508,Lazaro strapless butter yellow  ballgown  | A white wedding dress isn't for you? Come see our favorite picks for colourful wedding dresses that will make you feel like a queen! www.scenarioideal.com #wedding #weddingdress #weddinggown #nonwhitewedding #montrealwedding #quebecwedding,1.0,canada
136,7247,wedding dress toronto.jpg,1.0,canada
137,8371,Opportunity Bridal VIP Early Access Barrie Pop Up Wedding Dress Sale tickets,1.0,canada
138,9623,"Wedding dress hanging in the window of a family home in Delta, British Columbia. Pregnant Bride East Delta Hall Wedding",1.0,canada
139,9986,"Wedding dress, Levaque's Wool Shop, 1970. Gift of Fonds Franco-Ontarien Paulette Tourangeau, M2011.20.1.1 © McCord Museum",1.0,canada
140,10252,Vintage Wedding Dresses Canada by Vintage Wedding Dress Designers Canada Mini Bridal,1.0,canada
141,10382,Boho wedding - Boho wedding dress - Boho wedding inspiration - Photography by Jackie Hall Photography - Regina SK,1.0,canada
142,12629,Littleboutique Crystal Studs Sandal Heels Summer Shoes Evening Sandals  Wedding Dress Strappy Shoes  Amazon.ca  Shoes   Handbags,1.0,canada
143,13528,New Sposa Short Soft Oganza Summer Wedding Dress Formal for sale  Delivered anywhere in Canada,1.0,canada
144,14141,"This Oct. 8, 2016 photo provided by Chondon Photography shows newly-married couple Heidi and Rob Cundari after their wedding, in Thunder Bay, Ontario, Canada. Selling your wedding dress used to be a social no-no. Heidi Cundari says she opted for a used dress to keep costs down.",1.0,canada
145,14156,chiffon wedding dress ankle length Canada - White Lovley Simple Bohemain Lace Flower Girl Dresses For Beach Wedding Party A Line V Neck Chiffon Ankle Length First Communion Dress,1.0,canada
146,14263,Opportunity Bridal VIP Early Access Kingston Pop Up Wedding Dress Sale,1.0,canada
147,14667,Aire-barcelona-wedding-dress-2013-vintage-bridal-collection-vancouver.full,1.0,canada
148,15015,"brunette bride wearing a lace, halter neck wedding dress with diamante hairpiece and veil, holding a white flower bouquet beside a lake in Killarney",1.0,canada
149,15083,Opportunity Bridal VIP Early Access Markham Pop Up Wedding Dress Sale tickets,1.0,canada
150,161,Casablanca Bridals Wedding Dress 2004,1.0,morocco
151,856,Casablanca 1885 Champagne/Gold size 8 In Stock Wedding Dress - Tom's Bridal,1.0,morocco
152,3924,Casablanca 'Strapless' size 6 new wedding dress front view on model,1.0,morocco
153,4008,Casablanca Bridal 2219 Wedding Dress photo,1.0,morocco
154,4608,Casablanca Spring 2016 Wedding Dress,1.0,morocco
155,5511,"Find images and videos about love, couple and wedding on We Heart It - the app to get lost in what you love. Cheap Bridal Dresses, Long Wedding Dresses, Elegant Wedding Dress, Wedding Dress Styles, Bridal Gowns, Morrocan Dress, Moroccan Bride, Moroccan Wedding, Arab Wedding",1.0,morocco
156,7319,Casablanca Bridal Style 2276 Ambrosia A-Line Wedding Dress,1.0,morocco
157,7749,Casablanca 'Sea Breeze' size 6 new wedding dress back view on model,1.0,morocco
158,7876,"Casablanca Style #2398 Cap Sleeve Ballgown Wedding Dress with Tulle Skirt, Swirling Beading and Embroidery Image",1.0,morocco
159,8009,Casablanca Bridal 2169 Sheath Wedding Dress,1.0,morocco
160,8429,Wedding Dress - Amaré Couture from Casablanca Bridal,1.0,morocco
161,11522,Casablanca Bridal 2151 Wedding Dress,1.0,morocco
162,16408,2182s-casablanca-bridal-wedding-dress-primary.jpg,1.0,morocco
163,17391,Casablanca Bridal 2048 Wedding Dress photo,1.0,morocco
164,18938,Casablanca Bridals Wedding Dress 2004,1.0,morocco
165,19321,Casablanca 'Exotic Escape' size 14 new wedding dress back view on model,1.0,morocco
166,20391,Casablanca wedding dress 2055786134,1.0,morocco
167,21621,Moroccan Inspiration with a Gorgeous (and Affordable) Wedding Dress!,1.0,morocco
168,22787,Casablanca '2202' size 2 new wedding dress view of tag,1.0,morocco
169,25105,"Brides.com: Fall 2014 Wedding Dress Trend: Illusion Cap Sleeves. Style B075, layered tulle ball gown wedding dress with a beaded satin bodice, illusion high neckline, and cap sleeves, Casablanca Bridal",1.0,morocco
170,25999,Casablanca Bridals Wedding Dress 2271 Mayflower,1.0,morocco
171,29569,Casablanca Wedding Dress 225,1.0,morocco
172,30030,Casablanca Bridals Wedding Dress 2099,1.0,morocco
173,30704,Beloved by Casablanca Bridal BL213 Cherish Ball Gown Wedding Dress,1.0,morocco
174,31298,"Laila Amraouicaftan laila Arabic Wedding Dresses, Arabic Dress, Wedding Dresses For Girls, Girls Dresses, Morrocan Dress, Moroccan Caftan, Morrocan Wedding Dress, Oriental Dress, Oriental Fashion",1.0,morocco
175,184,Happy Indian couple in their wedding dress Stock Photo,1.0,india
176,354,"Buy Beautiful Maroon Jacket with contrast Kurta Set - from a classic range of Nehru & Modi Jackets at Manyavar. Adorn a jacket from our collection to enhance your traditional wear & Kurta Pajamas. Indian Wedding Clothes For Men, Wedding Kurta For Men, Wedding Dress Men, Indian Wedding Outfits, Wedding Poses, Wedding Men, Wedding Outfits For Men, Wedding Sherwani, Wedding Attire",1.0,india
177,364,"Elegant golden brown sherwani sure to get you compliments. Wedding Dresses Men Indian, Groom Wedding Dress, Indian Wedding Wear, Wedding Men, Manyavar Sherwani, Wedding Sherwani, Designer Suits For Men, Designer Clothes For Men, Indian Men Fashion",1.0,india
178,442,Latest beautiful Indian designer wedding dress in crimson red color # B3457,1.0,india
179,670,Latest beautiful Indian designer wedding dress in crimson red color # B3457,1.0,india
180,787,"Sherwani is undoubtedly the most popular choice when it comes to selecting a wedding wear for men. Manyavar brings to you the latest sherwani design collection. Choose from elegant styles and colors that are sure to impress. Sherwani For Men Wedding, Wedding Dresses Men Indian, Groom Wedding Dress, Sherwani Groom, Wedding Men, Mens Sherwani, Wedding Ideas, Wedding Outfits, Indian Weddings",1.0,india
181,915,"Cream Lehenga with booti printed work and a long simple blouse. Pairing the two together makes the outfit look like an Anarkali. Indian Wedding Outfits, Pakistani Outfits, Bridal Outfits, Indian Outfits, Wedding Dress, Eid Outfits, Wedding Wear, Trendy Outfits, Fashion Outfits",1.0,india
182,952,indian wedding decoration packages wedding decoration cost india choice image wedding dress,1.0,india
183,1100,"ceremony,traditional indian wedding dress,traditional indian wedding,indian wedding traditions,indian wedding traditions and customs,traditional hindu wedding,indian wedding tradition,indian wedding mandap,traditional indian ceremony,traditional hindu ceremony,hindu wedding ceremony,Lin and Jirsa Photography",1.0,india
184,1147,"Rathore jodhpur 2018 That s color gives a perfect match for wedding It s a traditional color Sikh Wedding Dress, Punjabi Wedding Couple, Wedding Dresses Men Indian, Sherwani Groom, Mens Sherwani, Wedding Sherwani, Groom Outfit, Groom Dress, Men Dress",1.0,india
185,1821,Pinterest for Indian fusion wedding dress,1.0,india
186,1847,"The Fashion of Punjab Indian Bridal Outfits, Indian Bridal Lehenga, Indian Bridal Fashion, Indian Bridal Wear, Indian Dresses, Indian Clothes, Sikh Wedding Dress, Wedding Suits, Bridal Dresses",1.0,india
187,3682,"Looking for Bridal Lehenga for your wedding ? Dulhaniyaa curated the list of Best Bridal Wear Store with variety of Bridal Lehenga with their prices Wedding Lehnga, Indian Bridal Lehenga, Red Lehenga, Indian Bridal Outfits, Indian Bridal Fashion, Indian Bridal Wear, Indian Dresses, Bridal Dresses, Wedding Dress",1.0,india
188,4599,"Modern Indian Wedding Dresses And Wedding Gowns Wedding Dress Empire, Cheap Wedding Dress, Wedding Gowns, Sequin Wedding, Wedding Lenghas, Desi Wedding Dresses, Tulle Wedding, Ball Dresses, Bridal Dresses",1.0,india
189,5109,A Traditional Wedding of Kerala Traditional Wedding Dress,1.0,india
190,5262,2013 wedding dress Soft by Rosa Clara bridal gowns Jaipur,1.0,india
191,5421,Indian Wedding Dress Check out more desings at: http://www.mehndiequalshenna.com/,1.0,india
192,5674,Image 5 - AIJINGYU Indian Wedding Dress Lace Vintage Gowns Coat Bridals Buy New Shiny Luxury White Ball Gown Dresses,1.0,india
193,5773,"There are many kinds of Silk Dupatta one can have which are in different fabric styles from yarn to weaving styles. The most common kinds are the Banarasi Silk dupattas, Ikat… Indian Wedding Outfits, Indian Outfits, Ethnic Outfits, Wedding Dress, Indian Attire, Indian Ethnic Wear, Ethnic Fashion, Asian Fashion, Diva Fashion",1.0,india
194,6049,"Pale pink floral lehenga from Mahima Mahajan Indian Gowns Dresses, Pakistani Dresses, Indian Sarees, Bollywood Anarkali Suits, Indian Bollywood, Asian Wedding Dress Pakistani, Indian Wedding Sari, Punjabi Suits, Indian Attire",1.0,india
195,6249,"Buy online red crystal and embroidered bridal lehenga choli. This bridal lehenga choli is made with exclusive crystal and embroidered. Shop online beautiful bridal lehenga choli now. Lehenga Style, Red Lehenga, Indian Lehenga, Designer Bridal Lehenga, Bridal Lehenga Choli, Wedding Sarees Online, Saree Wedding, Wedding Dress, Indian Bridal Wear",1.0,india
196,6407,"Pink Princess 1st Birthday Dresses - Baby Girl Wedding Dress, Baby New Arrivals, Kids Clothing Collection, Diamond Embellished Dress for any Special Occasion for #pinkblueindia #2yrs #3yrs #4yrs #5yrs",1.0,india
197,6542,"Browse from pink bridal lehenga designs trending now. Get ideas from images of real brides wearing latest bridal lehengas in pink for their wedding. Wedding Outfits For Groom, Indian Wedding Outfits, Bridal Outfits, Wedding Suits, Sikh Wedding Dress, Wedding Bride, Farm Wedding, Wedding Couples, Boho Wedding",1.0,india
198,7183,Indian Wedding Dress Collection,1.0,india
199,7219,In India Wedding Dress and Jewellery are major attractions in a Wedding a14097d68,1.0,india
200,260,"Load image into Gallery viewer, Essence of Australia 'D2267' size 14 new wedding dress back view on model",1.0,australia
201,323,Beautiful wedding Dress by Essense of Australia,1.0,australia
202,651,kuitpo-forrest-adelaide-red-car-wedding-dress-photography.jpg,1.0,australia
203,656,D1928 Strapless Lace Wedding Dress by Essense of Australia,1.0,australia
204,692,D2177 Fit and flare wedding dress with keyhole back by Essense of Australia,1.0,australia
205,922,D2209+ Plus Size Beaded Curve-Hugging Trumpet Wedding Dress by Essense of Australia,1.0,australia
206,955,D2748 Full A-Line Wedding Dress with Floral Details by Essense of Australia,1.0,australia
207,1006,"Kelsi wears the Leonie Melanie gown; a V-neck, A-line, simple wedding dress, for her Queensland wedding",1.0,australia
208,1246,The bride putting on her Steven Khalil wedding dress in Melbourne,1.0,australia
209,1297,White wedding dress approx size 10/12 Tea Tree Gully Tea Tree Gully Area Preview,1.0,australia
210,1375,Wedding Dress I Wedding Gown I Veil I Allure Bridals (9153) I Available at Brides of Melbourne,1.0,australia
211,1385,"A whimsical approach to a traditional wedding dress, this two-piece set features a spaghetti-strap lace top with a buttoned back and a sweeping, A-line tulle skirt. Available in Sydney, Melbourne & Online. Affordable Bridal, Traditional Wedding Dresses, Boho Bride, Bridal Gowns, Tulle, Alice Springs, Melbourne Wedding, Byron Bay, Formal Dresses",1.0,australia
212,1398,Essense of Australia D2086 Ball Gown Wedding Dress,1.0,australia
213,1635,"Shimmering Fit and Flare Wedding Dress with Sequin by Essense of Australia Wedding Dress Backs, Fit And Flare Wedding Dress, Gorgeous Wedding Dress, Colored Wedding Dresses, Gown Wedding, Essence Of Australia Wedding Dress, Wedding Couple Poses, Essense Of Australia, Wedding Dress Boutiques",1.0,australia
214,2476,"Handmade silk wedding dress, c 1940s, displayed on headless mannequin. Australian War Memorial.",1.0,australia
215,2618,D2340 Beaded Fit and Flare Wedding Dress with Silver Lace by Essense of Australia,1.0,australia
216,2819,Garden floral inspired: http://www.stylemepretty.com/australia-weddings/2015/10/30/look-we-love-floral-wedding-dress-details/,1.0,australia
217,2992,D2409 Modern Fairytale Wedding Dress by Essense of Australia,1.0,australia
218,3037,Tie Up Wedding Dress Train Australia - Beautiful Blush Pink Ball Gown Wedding Dresses Off the Shoulder Long Sleeve Bow Tie Sash Wedding Dress Pears Appliques Bridal Gowns,1.0,australia
219,3184,Holden Classic Adelaide parkland trees bride groom wedding dress strapless bouquet white gold silver accessories necklace headband earrings groom grey suit black shoes white rose tie photographer Australia photography,1.0,australia
220,3317,anna campbell wedding dress. love everything but the wrist cuff!,1.0,australia
221,3637,Cathleen Jia Couture Wedding Dress Makers Melbourne,1.0,australia
222,4000,KWH bride Celeste & Daniel just married on Sydney harbour; wearing the Bespoke ESTHER wedding dress by Karen Willis Holmes,1.0,australia
223,4128,An elegant tulle over satin bridal gown courtesy of the Essense of Australia wedding dress collection,1.0,australia
224,4172,20 Long Sleeve Wedding Dress Ideas. Fit And Flare Wedding Dresses Australia. Hill Country Wedding Dresses. Vintage Wedding Dresses For Older Brides. Cinderella Wedding Dress Style 226. Colored Organza Wedding Dresses. Long Sparkly Wedding Dresses. Tea Length Wedding Dresses Norwich. Long Sleeve Lace Wedding Dresses Uk,1.0,australia
225,267,Traditional National Thai Garment Dress Thai Traditional Dress Dresses Wedding Dress online for Sale Thai Clothing Thailand Clothes Complete Set for Women Girls Adults Youth Kids,1.0,thailand
226,284,"10 Stunning Dresses for Non-Traditional Brides Thai Wedding Dress, Khmer Wedding, Wedding Dresses, Kebaya Wedding, Kebaya Lace, Kebaya Dress, Thai Traditional Dress, Traditional Outfits, Couture Dresses",1.0,thailand
227,5473,"Old Phuket town festival. PHUKET, THAILAND - 07 FEB 2014: Phuket town residents in wedding dress take part in procession parade of annual old Phuket town stock images",1.0,thailand
228,5820,Traditional National Thai Garment Dress Thai Traditional Dress Dresses Wedding Dress online for Sale Thai Clothing Thailand Clothes Complete Set for Women Girls Adults Youth Kids,1.0,thailand
229,5964,Traditional National Thai Garment Dress Thai Traditional Dress Dresses Wedding Dress online for Sale Thai Clothing Thailand Clothes Complete Set for Women Girls Adults Youth Kids,1.0,thailand
230,6739,"Thai Wedding Dress, Dresses To Wear To A Wedding, Khmer Wedding, Thai Traditional Dress, Traditional Outfits, Thai Dress, Thai Style, Vogue Magazine, Culture Of Thailand",1.0,thailand
231,7257,Top Traditional National Thai Garment Dress Thai Traditional Dress Dresses Wedding Dress Complete Set for Women Girls Adults Youth Kids,1.0,thailand
232,8000,sitt: blonde bride in wedding dress look at handsome groom in white cloth sitting on longtail boat near the rocky island,1.0,thailand
233,8320,Traditional National Thai Dress Thai Traditional Dress Dresses Wedding Dress online for Sale Thai Clothing Thailand Clothes Complete Set for Women Girls Adults Youth Kids,1.0,thailand
234,8703,"Queen Sirikit Museum of Textile Cultural Thailand Tradition Traditional Thai Clothing, Traditional Fashion, Traditional Dresses, Thai Wedding Dress, Thailand Fashion, Thai Fashion, Queen Sirikit, Textile Museum, Thai Dress",1.0,thailand
235,9224,Phuket Destination Wedding Dress,1.0,thailand
236,10483,2018 Latest Designer Elegant White Mermaid Cap Sleeve V Neck Long Button Back Lace Wedding Dress Manufacturer Bangkok (MN1255) pictures & photos,1.0,thailand
237,10493,"Thailand National Costume, Thailand Costume, Thai Traditional Dress, Traditional Outfits, Thai Wedding Dress, Wedding Dresses, Thai Dress, Thai Style, Night Gown",1.0,thailand
238,12141,Top Traditional National Thai Garment Dress Thai Traditional Dress Dresses Wedding Dress Complete Set for Men Boys Youth Kids Adults,1.0,thailand
239,12798,Top Traditional National Thai Garment Dress Thai Traditional Dress Dresses Wedding Dress Complete Set for Women Girls Youth Kids Adults Couple,1.0,thailand
240,14252,"Images by Joanna Brown Photography Bridesmaids wear bespoke Thai silk dresses. Images by Joanna Brown Photography Thai Wedding Dress, Wedding Bridesmaid Dresses, Wedding Party Dresses, Bridesmaid Ideas, Party Wedding, Dress Party, Laos Wedding, Cambodian Wedding, Wedding Blog",1.0,thailand
241,14369,Traditional National Thai Dress Thai Traditional Dress Dresses Wedding Dress online for Sale Thai Clothing Thailand Clothes Complete Set for Women Girls Adults Youth Kids,1.0,thailand
242,14700,Traditional Thailand Wedding Dress for Girls,1.0,thailand
243,15279,simple wedding dress wholesale in thailand,1.0,thailand
244,16880,69f6c6ed5029 Traditional National Thai Dress Thai Traditional Dress Dresses Wedding  Dress online for Sale Thai Clothing Thailand,1.0,thailand
245,18460,5c915f526dcb Traditional National Thai Dress Thai Traditional Dress Dresses Wedding  Dress online for Sale Thai Clothing Thailand Clothes Complete Set for Women  Girls ...,1.0,thailand
246,20675,Traditional Thailand Wedding Dress for Women,1.0,thailand
247,21295,Koh Samui wedding YL Residence bride getting ready looking back with wedding dress and closeup of flowers,1.0,thailand
248,24463,Traditional National Thai Dress Thai Traditional Dress Dresses Wedding Dress online for Sale Thai Clothing Thailand Clothes Complete Set for Women Girls Adults Youth Kids,1.0,thailand
249,27141,Traditional Thai Wedding Dress in Blue by Milan Bridal Couture & Wedding Studio,1.0,thailand
